speaker,line
3rd Athlead Employee,1
4th Athlead Employee,1
A.J.,7
AJ,23
Aaron Rodgers,4
Abby,12
Abe,1
Actor,3
Actress,1
Ad guy 1,10
Ad guy 2,5
Alan,20
Albiny,2
Alex,10
Alice,19
All,50
All Girls,1
All but Oscar,1
All the Men,1
Alonzo,1
Amanda,1
Amy,3
Andy,3695
Andy ,35
"Andy, Creed, Kevin, Kelly",5
"Andy, Creed, Kevin, Kelly, Darryl",1
"Andy, Darryl",3
"Andy, Dwight",5
"Andy, Erin",4
"Andy, Jim",4
"Andy, Michael",4
"Andy, Oscar",1
"Andy, Pam",1
"Andy, Stanley",1
"Andy, Walter",3
Angel,1
Angela,1536
Angela ,16
"Angela, Kelly",1
"Angela, Oscar",3
"Angela, Pam",1
Anglea,1
Announcer,1
Another guy,1
Archivist,2
Artist,1
Astrid,3
Athlead Coworker,1
Athlead Employee,10
Attendant,6
Audience,3
Aunt Shirley,3
Automated phone voice,1
Ballerinas,2
Bar Manager ,20
Barbara,14
Bartender,12
Bass Player,2
Ben,4
Ben Franklin,24
Bert,19
Beth,4
Bill,7
Bill Cress,1
Bill Hader,1
Billy,9
Billy Merchant,17
Billy's Girlfriend,2
Blogger,4
Blogger 2,1
Blonde,6
Blood Drive Worker,8
Blood Girl,17
Boat Guy,12
Bob Vance,39
Bookstore employee,2
Boom Box,1
Both,13
Bouncer ,1
Brandon,18
Brenda,3
Brian,53
Broccoli Rob,10
Bruce,1
Bus driver,3
Business Student #1,4
Business Student #2,3
Business Student #3,2
Business partner,10
Businessman #1,2
Businessman #2,3
Businessman #3,3
Buyer,4
CPR Trainer,3
CPR trainer,1
Calvin,3
Camera Crew,1
Camera Man,2
Cameraman,1
Cameron,9
Captain Jack,30
Carla,10
Carla Fern,5
Carol,96
Casey,23
Cathy,48
Cece,11
Cell Phone Sales Person,2
Chad Lite,6
Charles,222
Check-in guy,7
Chef,2
Chelsea,1
Chelsea's Mom,1
Cherokee Jack,3
Chet,2
Child,2
Children,1
Chili's Employee,1
Christian,19
Christian Slater,1
Church congregation,1
Cindy,2
Clark,258
Clay Aiken,2
Cleaning lady,1
Client,6
Co-Worker 1,1
Co-Worker 2,3
Co-Worker 3,3
Co-worker,3
Co-worker #2,1
Coffee shop worker,1
Colin,4
College Student,1
Computron,10
Concierge,3
Concierge Marie,2
Cookie Monster,3
Council,1
Cousin Mose,1
Craig,11
Credit card rep,1
Creed,393
Creed ,1
Crowd,6
Curtis,3
Customer,11
DJ,3
Dakota,3
Dale,1
Dan Gore,2
Dana,8
Dance Teacher,1
Danny,68
Darrly,2
Darry,1
Darryl,1160
Darryl ,10
Darryl's sister,1
"Darryl, Angela",1
"Darryl, Katy",1
"Darryl, Kevin",1
Daryl,37
David,379
David Brent,2
David Wallace,109
David Wallace's Secretary,2
DeAngelo,79
Dealer,5
Deangelo,168
"Deangelo, Michael",2
Delivery,1
Delivery Boy,2
Delivery Woman,3
Delivery man,5
Deliveryman,1
Denagelo,1
Dennis,3
Deposition Reporter,3
Devon,8
Diane,10
Diane Kelly,12
Dight,1
Director,13
Doctor,8
Donna,81
Donna Muraski,2
Doug,6
Drive Thru Customer,1
Drummer,1
"DunMiff, Sys",6
Dwight,6756
Dwight ,35
"Dwight, Andy",1
"Dwight, Angela",1
"Dwight, Erin",2
"Dwight, Erin, Jim, Kevin",1
"Dwight, Jim, Michael",1
"Dwight, Michael",5
"Dwight, Nate",1
Ed,11
Edward R. Meow,7
Elderly Woman,1
Elizabeth,20
Ellen,3
Emergency Operator,1
Employee,1
Employees,1
Employees except Dwight,1
Entire Prince family,1
Entire office,1
Eric,34
Erin,1412
Erin ,15
Erin's Cell Phone,1
"Erin, Kelly",1
Ernesto,4
Esther,21
Evan,6
Everybody,12
Everyone,42
Everyone ,1
Everyone watching,1
Ex-client,17
Fake Jim,6
Fake Stanley,1
Fannie,18
Fast Food Worker,1
Female Applicant,2
Female Athlead Employee,2
Female Intern,2
Female Shareholder,1
Female church member,2
Female intern,1
Female worker,1
Financial Guy,11
Finger Lakes Guy,1
Fourth Shareholder,1
Frank,8
Fred,9
Fred Henry,1
Friend,5
Front Desk Clerk,10
GPS,4
Gabe,425
"Gabe, Kelly, Toby",1
Gabor,3
German Minister,3
Gideon,2
Gil,6
Girl,14
Girl acting Pregnant,1
Girl at table ,1
Girl in 2nd club,5
Girl in Club,5
Girls,1
Glen,1
Glenn,6
Goldenface,14
Graphics guy,10
Grotti,30
Group,37
Group chant,1
Guy,28
Guy At Bar,2
Guy at bar,1
Guy at table,3
Guy buying doll,1
Gwenneth,2
Gym Instructor,1
Gym instructor,2
HCT,2
HCT Member #1,1
HCT Member #2,2
HCT Member #3,10
Hank,44
Hank ,1
Hannah,16
Harry,25
Harvey,7
Hayworth's waiter,4
Helene,58
Henry,3
Hide,12
Hide ,2
Holly,555
Holly's Dad,5
Holly's Mom,4
Hooter's Girls,1
Hospital employee,8
Host,28
Hostess,2
Hot Dog Guy,5
Hotel Employee,13
Hotel Manager,4
Hunter,8
Hunter's CD,1
I.D. Photographer,1
IT Tech Guy,3
Improv Teacher,15
Intern,5
Investor,1
Ira,9
Irene,22
Isaac,10
Isabel,11
Isabel ,17
Isabelle,9
JIm,1
Jada,22
Jake,21
Jakey,4
Jamie,3
Jan,805
Jeb,11
Jerome Bettis,4
Jerry,14
Jessica,51
Jessica Alba,2
Jim,6222
Jim ,35
Jim's Dad,1
Jim's voicemail,1
"Jim, Dwight",3
"Jim, Josh,, Dwight",1
"Jim, Pam",5
"Jim, Pam, Michael, Dwight",2
Jo,195
Joan,5
Jordan,13
Josh,56
Julia,13
Julie ,12
Julius,12
Justin,9
Justine,5
Karen,323
Kathy,5
Katy,78
Keena Gifford,6
Kelly,822
Kelly ,4
Kelly's Father,3
Kelly's Mom,5
"Kelly, Erin",2
Kendall,8
Kenny,15
Kevin,1533
Kevin ,7
"Kevin, Meredith",1
"Kevin, Oscar",1
Kid,7
Kids,6
Lab Tech,3
Lady,9
Lady Blogger,1
Larry Myers,6
Lauren,11
Laurie,5
Lawyer,13
Lefevre,11
Leo,3
Lester,26
Lily,6
Limo Driver,4
Linda,7
Liquor Store Clerk,2
Little Girl,3
Lonnie,2
Lonny,19
Luke,18
Lynn,9
MIchael,1
Madge,7
Magician,9
Maguire,1
Malcolm,3
Male Applicant 1,3
Male Applicant 2,1
Male church member,3
Male voice,1
Man,40
Man 1,1
Man 2,2
Man 3,1
Man from Buffalo,3
Man in Video,1
Man in line,1
Man on Phone,3
Man on phone,2
Manager,4
Marcy,3
Margaret,8
Marie,5
Mark,25
Mark McGrath,4
Martin,16
Mary-Beth,3
Matt,4
Matt ,5
Maurie,10
Mee-Maw,1
MeeMaw,1
Megan,10
Melissa,13
Melvina,5
Mema,13
Member,2
Meredith,556
Meredith ,1
Meridith,2
Merv,11
Michael,10793
Michael ,76
Michael's Ad,1
"Michael, Christian",2
"Michael, Darryl",1
"Michael, Dwight",14
"Michael, Erin",1
"Michael, Holly",2
"Michael, Holly, Darryl",1
"Michael, Jim",2
"Michael, Pam, Ryan",1
"Michael, Samuel",1
Mikela,9
Minister,2
Miss Trudy,2
Moderator,2
Molly,3
Mose,20
Mother,4
Mr. Beesly,2
Mr. Brown,36
Mr. Figaro,4
Mr. Halpert,5
Mr. O'Malley,1
Mr. Ramish,11
Mr. Romanko,3
Mr. Ruger,5
Mr. Schofield,7
Mrs. Davis,5
Mrs. Wallace,3
Nail manager,2
Nail stylist 1,1
Nail stylist 2,2
Nana,10
Narrator,2
Nate,53
Nellie,528
"Nellie, Pam",1
New Instant Message,1
Nick,31
Night cleaning crew,1
Nurse,26
O'Keefe,5
Off-camera,2
Office,2
Office Staff,1
Officer,1
Officer 1,3
Officer 2,2
Offscreen,1
Old Lady,4
Old Man,4
Old Woman,4
Old lady,1
Older Woman,2
Older guy,1
Oscar,1336
Oscar ,20
Oscar's Computer,1
Oscar's friend,3
Oscar's voice from the computer,1
"Oscar, Stanley",1
Other Guy at Bar,1
Other waitress,2
Others,2
Overhead,2
Packer,51
Pam,4975
Pam ,29
Pam's Mom,18
Pam's dad,1
Pam's mom,11
"Pam, Jim",3
"Pam, Kelly",1
"Pam, others",1
Paramedic,2
Parent in Audience,1
Parent in audience #1,1
Parent in audience #2,1
Paris,6
Park Ranger,3
Party Announcer,1
Party Guest,1
Party Photographer,5
Party Waiter,1
Party guests,1
Passer-by,5
Pastor,8
Patty,1
Paul,3
Penny,11
People in line,1
Pete,213
Phil,13
Phillip,4
Phone,6
Phone Salesman,7
Photographer,13
Phyllis,966
Phyllis ,6
"Phyllis, Creed",1
"Phyllis, Kevin, Stanley",1
"Phyllis, Meredith, Michael, Kevin",1
"Phyllis, Stanley, Dwight",1
Pizza guy,20
Police Officer 1,10
Police Officer 2,6
Policeman,2
President,4
Pretzel guy,3
Priest,4
Prince,1
Prince Granddaughter,3
Prince Grandfather,19
Prince Grandmother,2
Prince Son,1
Producer,6
Production Assistant,1
Professor,5
Professor Powell,4
Promo Voice,1
Queerenstein Bears,1
Rachel,16
Radio,1
Rafe,1
Randy,2
Ravi,9
Realtor,4
Receptionist,17
Receptionitis15,2
Redheaded Actress,1
Registrar,1
Rehab Nurse,1
Reid,5
Rep,6
Reporter,5
Reporter #1,1
Reporter #2,1
Robert,406
Robert California,14
Robert Dunder,11
"Robert, Creed",1
Robotic Voice,2
Roger,1
Rolando,4
Rolf,12
Rolph,9
Ronnie,3
Rory,2
Rose,8
Roy,218
Ruger Sister 1,2
Ruger Sister 2,1
Ryan,1181
Ryan ,5
Ryan Howard,16
Ryan's Voicemail,1
"Ryan, Kelly",1
"Ryan, Michael",1
"Ryan, others",1
Sadiq (IT guy),4
Salesman,11
Salesmen,1
Saleswoman,1
Sam,6
Samuel,10
Santigold,4
Sasha,10
School Official,4
Second Cindy,12
Second Shareholder,1
Secretary,8
Security,2
Senator,16
Senator Lipton,31
Sensei Ira,12
Server,3
Seth Mayers,3
Shane,11
Shareholder,1
Shelby,8
Sherri,11
Shirley,16
Soldier,2
Son,4
Song,7
Speaker,8
Stanley,673
Stanley ,1
Staples Guy,1
Stephanie,9
Steve,5
Stewardess,1
Stonewall Host,3
Store Employee,1
Stripper,5
Stu,1
Student 1,1
Student 2,1
Students,4
Suit Store Father,11
Suit Store Son,10
Supervisor,1
Susan,48
Sweeney Todd,14
TV,1
Tall Girl #1,5
Tall Girl #2,1
Tattoo Artist,8
Teacher,4
Teammates,1
Tech Guy,1
Ted,1
Teddy,6
Teddy Wallace,1
The Kids,1
Third Shareholder,1
Toby,813
Todd,2
Todd Packer,104
Together,1
Tom,10
Tom Halpert,20
"Tom, Pete",1
Tony,23
Travel Agent,1
Trevor,31
Troy,5
Ty,2
Uncle Al,7
Unknown,1
Usher,3
VRG 1,4
VRG 2,3
Val,73
Vance Refrigeration Guy,7
Vance Refrigeration Guy 1,1
Vance Refrigeration Guy 2,1
Various,3
Vet,6
Video,1
Video Andy,1
Video Michael,7
Vikram,21
Voice #1 on phone,2
Voice #2 on phone,1
Voice of Thomas Dean,1
Voice on CD player,2
Voicemail,2
W.B. Jones,4
Wade,1
Waiter,15
Waitress,11
Wally Amos,4
Walt Jr.,4
Walter,21
Walter Jr,6
"Walter, Walter Jr",1
Warehouse Crew,3
Warehouse Guy,2
Warehouse Guy ,1
Warehouse Michael,1
Warehouse guy,2
Warehouse guy 1,3
Warehouse guy 2,1
Warehouse worker,2
Warren,2
Warren Buffett,1
Wendy's phone operator,5
White,1
Window treatment guy,3
Wolf,10
Woman,23
Woman 1,1
Woman 2,2
Woman 3,1
Woman 4,2
Woman at bar,1
Woman from Buffalo,2
Woman in line,3
Woman on mic,1
Woman over speakerphone,3
Women,2
Worker,6
Wrangler,2
Young Man,1
Young Michael,2
Younger Guy,3
Zeke,15
Zion,1
